2026-07-23T11:45:00Z;EUR;3;ECB Interest Rate Decision
2026-07-23T12:30:00Z;USD;2;Initial Jobless Claims
2026-07-29T18:00:00Z;USD;3;FOMC Rate Decision/Statement
2026-07-29T18:30:00Z;USD;3;FOMC Press Conference
2026-07-30T11:00:00Z;GBP;3;BoE Interest Rate Decision + Monetary Policy Report
2026-07-30T12:30:00Z;USD;2;Initial Jobless Claims
2026-07-30T12:30:00Z;USD;3;GDP Advance Estimate QoQ (Q2)
2026-07-30T12:30:00Z;USD;3;Core PCE Price Index (Jun)
2026-07-30T23:30:00Z;JPY;2;Tokyo CPI YoY (Jul, preliminary)
2026-07-31T04:00:00Z;JPY;3;BoJ Monetary Policy Decision
